algorithm,num_procs,dtype,message_size_bytes,time_stat,time_seconds,algbw_GBps,busbw_GBps,num_reps
ring,2,float,8,min,5.99772e-07,0.0133384,0.0133384,1000
ring,2,float,8,mean,7.48317e-07,0.0106907,0.0106907,1000
ring,2,float,8,median,6.99889e-07,0.0114304,0.0114304,1000
ring,2,float,8,max,1.21002e-05,0.000661146,0.000661146,1000
ring,2,float,8,stddev,4.21985e-07,0.018958,0.018958,1000
mpi-default,2,float,8,min,2.99886e-07,0.0266768,0.0266768,1000
mpi-default,2,float,8,mean,4.461e-07,0.0179332,0.0179332,1000
mpi-default,2,float,8,median,4.00003e-07,0.0199998,0.0199998,1000
mpi-default,2,float,8,max,4.33996e-05,0.000184333,0.000184333,1000
mpi-default,2,float,8,stddev,1.68995e-06,0.00473387,0.00473387,1000
ring,2,float,16,min,6.99889e-07,0.0228608,0.0228608,1000
ring,2,float,16,mean,7.42729e-07,0.0215422,0.0215422,1000
ring,2,float,16,median,7.00355e-07,0.0228456,0.0228456,1000
ring,2,float,16,max,9.89996e-06,0.00161617,0.00161617,1000
ring,2,float,16,stddev,3.03968e-07,0.0526371,0.0526371,1000
mpi-default,2,float,16,min,2.99886e-07,0.0533536,0.0533536,1000
mpi-default,2,float,16,mean,3.58801e-07,0.0445929,0.0445929,1000
mpi-default,2,float,16,median,4.00003e-07,0.0399997,0.0399997,1000
mpi-default,2,float,16,max,5.0012e-07,0.0319923,0.0319923,1000
mpi-default,2,float,16,stddev,5.04503e-08,0.317144,0.317144,1000
ring,2,float,32,min,5.99772e-07,0.0533536,0.0533536,1000
ring,2,float,32,mean,7.1931e-07,0.0444871,0.0444871,1000
ring,2,float,32,median,6.99889e-07,0.0457215,0.0457215,1000
ring,2,float,32,max,6.19981e-06,0.00516144,0.00516144,1000
ring,2,float,32,stddev,1.80411e-07,0.177372,0.177372,1000
mpi-default,2,float,32,min,3.00352e-07,0.106542,0.106542,1000
mpi-default,2,float,32,mean,4.47999e-07,0.0714288,0.0714288,1000
mpi-default,2,float,32,median,4.00003e-07,0.0799994,0.0799994,1000
mpi-default,2,float,32,max,2.00002e-06,0.0159999,0.0159999,1000
mpi-default,2,float,32,stddev,7.02904e-08,0.455254,0.455254,1000
ring,2,float,64,min,6.99889e-07,0.0914431,0.0914431,1000
ring,2,float,64,mean,7.79802e-07,0.0820722,0.0820722,1000
ring,2,float,64,median,8.00006e-07,0.0799994,0.0799994,1000
ring,2,float,64,max,8.00006e-07,0.0799994,0.0799994,1000
ring,2,float,64,stddev,4.01669e-08,1.59335,1.59335,1000
mpi-default,2,float,64,min,3.99537e-07,0.160185,0.160185,1000
mpi-default,2,float,64,mean,4.82699e-07,0.132588,0.132588,1000
mpi-default,2,float,64,median,4.99655e-07,0.128088,0.128088,1000
mpi-default,2,float,64,max,1.87e-05,0.00342246,0.00342246,1000
mpi-default,2,float,64,stddev,5.86359e-07,0.109148,0.109148,1000
ring,2,float,128,min,6.99889e-07,0.182886,0.182886,1000
ring,2,float,128,mean,8.82405e-07,0.145058,0.145058,1000
ring,2,float,128,median,8.00006e-07,0.159999,0.159999,1000
ring,2,float,128,max,8.67997e-05,0.00147466,0.00147466,1000
ring,2,float,128,stddev,2.72428e-06,0.0469849,0.0469849,1000
mpi-default,2,float,128,min,3.99537e-07,0.320371,0.320371,1000
mpi-default,2,float,128,mean,4.60009e-07,0.278256,0.278256,1000
mpi-default,2,float,128,median,4.99655e-07,0.256177,0.256177,1000
mpi-default,2,float,128,max,5.10039e-06,0.0250961,0.0250961,1000
mpi-default,2,float,128,stddev,1.55205e-07,0.824715,0.824715,1000
ring,2,float,256,min,6.99889e-07,0.365772,0.365772,1000
ring,2,float,256,mean,1.03561e-06,0.247198,0.247198,1000
ring,2,float,256,median,8.00006e-07,0.319998,0.319998,1000
ring,2,float,256,max,4.87999e-05,0.00524591,0.00524591,1000
ring,2,float,256,stddev,2.12798e-06,0.120302,0.120302,1000
mpi-default,2,float,256,min,3.99537e-07,0.640741,0.640741,1000
mpi-default,2,float,256,mean,6.59004e-07,0.388465,0.388465,1000
mpi-default,2,float,256,median,5.0012e-07,0.511877,0.511877,1000
mpi-default,2,float,256,max,0.0001047,0.00244509,0.00244509,1000
mpi-default,2,float,256,stddev,3.44467e-06,0.0743177,0.0743177,1000
ring,2,float,512,min,6.99889e-07,0.731545,0.731545,1000
ring,2,float,512,mean,8.36201e-07,0.612293,0.612293,1000
ring,2,float,512,median,8.00006e-07,0.639995,0.639995,1000
ring,2,float,512,max,1.00001e-05,0.0511996,0.0511996,1000
ring,2,float,512,stddev,3.67815e-07,1.392,1.392,1000
mpi-default,2,float,512,min,4.00003e-07,1.27999,1.27999,1000
mpi-default,2,float,512,mean,5.74795e-07,0.890753,0.890753,1000
mpi-default,2,float,512,median,5.99772e-07,0.853658,0.853658,1000
mpi-default,2,float,512,max,1.39978e-06,0.365772,0.365772,1000
mpi-default,2,float,512,stddev,5.62752e-08,9.09815,9.09815,1000
ring,2,float,1024,min,8.00006e-07,1.27999,1.27999,1000
ring,2,float,1024,mean,1.15954e-06,0.88311,0.88311,1000
ring,2,float,1024,median,1.00024e-06,1.02375,1.02375,1000
ring,2,float,1024,max,0.0001093,0.00936871,0.00936871,1000
ring,2,float,1024,stddev,3.44673e-06,0.297093,0.297093,1000
mpi-default,2,float,1024,min,5.0012e-07,2.04751,2.04751,1000
mpi-default,2,float,1024,mean,7.03699e-07,1.45517,1.45517,1000
mpi-default,2,float,1024,median,6.99889e-07,1.46309,1.46309,1000
mpi-default,2,float,1024,max,4.20026e-06,0.243794,0.243794,1000
mpi-default,2,float,1024,stddev,1.6231e-07,6.3089,6.3089,1000
ring,2,float,2048,min,8.99658e-07,2.27642,2.27642,1000
ring,2,float,2048,mean,1.02242e-06,2.0031,2.0031,1000
ring,2,float,2048,median,1.00024e-06,2.04751,2.04751,1000
ring,2,float,2048,max,5.70016e-06,0.359288,0.359288,1000
ring,2,float,2048,stddev,2.26117e-07,9.05728,9.05728,1000
mpi-default,2,float,2048,min,6.99889e-07,2.92618,2.92618,1000
mpi-default,2,float,2048,mean,7.83503e-07,2.6139,2.6139,1000
mpi-default,2,float,2048,median,8.00006e-07,2.55998,2.55998,1000
mpi-default,2,float,2048,max,6.80005e-06,0.301174,0.301174,1000
mpi-default,2,float,2048,stddev,2.06736e-07,9.90636,9.90636,1000
ring,2,float,4096,min,1.09989e-06,3.724,3.724,1000
ring,2,float,4096,mean,1.30431e-06,3.14035,3.14035,1000
ring,2,float,4096,median,1.29966e-06,3.15159,3.15159,1000
ring,2,float,4096,max,1.25999e-05,0.325083,0.325083,1000
ring,2,float,4096,stddev,5.4211e-07,7.55566,7.55566,1000
mpi-default,2,float,4096,min,2.6999e-06,1.51709,1.51709,1000
mpi-default,2,float,4096,mean,3.01422e-06,1.35889,1.35889,1000
mpi-default,2,float,4096,median,2.90014e-06,1.41235,1.41235,1000
mpi-default,2,float,4096,max,1.59e-05,0.25761,0.25761,1000
mpi-default,2,float,4096,stddev,6.75717e-07,6.06171,6.06171,1000
ring,2,float,8192,min,4.49969e-06,1.82057,1.82057,1000
ring,2,float,8192,mean,4.83612e-06,1.69392,1.69392,1000
ring,2,float,8192,median,4.80004e-06,1.70665,1.70665,1000
ring,2,float,8192,max,1.44001e-05,0.568885,0.568885,1000
ring,2,float,8192,stddev,4.45528e-07,18.3872,18.3872,1000
mpi-default,2,float,8192,min,3.49991e-06,2.34063,2.34063,1000
mpi-default,2,float,8192,mean,3.85191e-06,2.12674,2.12674,1000
mpi-default,2,float,8192,median,3.7998e-06,2.15591,2.15591,1000
mpi-default,2,float,8192,max,2.72999e-05,0.300075,0.300075,1000
mpi-default,2,float,8192,stddev,8.1413e-07,10.0623,10.0623,1000
ring,2,float,16384,min,5.49993e-06,2.97895,2.97895,1000
ring,2,float,16384,mean,6.09502e-06,2.6881,2.6881,1000
ring,2,float,16384,median,5.80028e-06,2.82469,2.82469,1000
ring,2,float,16384,max,0.0001413,0.115952,0.115952,1000
ring,2,float,16384,stddev,4.37734e-06,3.74291,3.74291,1000
mpi-default,2,float,16384,min,4.40003e-06,3.72361,3.72361,1000
mpi-default,2,float,16384,mean,5.24883e-06,3.12146,3.12146,1000
mpi-default,2,float,16384,median,5.10039e-06,3.2123,3.2123,1000
mpi-default,2,float,16384,max,4.48003e-05,0.365712,0.365712,1000
mpi-default,2,float,16384,stddev,1.444e-06,11.3462,11.3462,1000
ring,2,float,32768,min,6.80005e-06,4.81879,4.81879,1000
ring,2,float,32768,mean,7.53452e-06,4.34905,4.34905,1000
ring,2,float,32768,median,7.20005e-06,4.55108,4.55108,1000
ring,2,float,32768,max,0.0002039,0.160706,0.160706,1000
ring,2,float,32768,stddev,6.2939e-06,5.20631,5.20631,1000
mpi-default,2,float,32768,min,6.80005e-06,4.81879,4.81879,1000
mpi-default,2,float,32768,mean,8.00731e-06,4.09226,4.09226,1000
mpi-default,2,float,32768,median,7.49994e-06,4.3691,4.3691,1000
mpi-default,2,float,32768,max,0.0001118,0.293094,0.293094,1000
mpi-default,2,float,32768,stddev,4.47795e-06,7.31763,7.31763,1000
ring,2,float,65536,min,8.80007e-06,7.44722,7.44722,1000
ring,2,float,65536,mean,1.0307e-05,6.3584,6.3584,1000
ring,2,float,65536,median,9.89996e-06,6.61983,6.61983,1000
ring,2,float,65536,max,0.0001715,0.382135,0.382135,1000
ring,2,float,65536,stddev,5.51983e-06,11.8728,11.8728,1000
mpi-default,2,float,65536,min,1.11e-05,5.90416,5.90416,1000
mpi-default,2,float,65536,mean,1.54035e-05,4.25462,4.25462,1000
mpi-default,2,float,65536,median,1.45002e-05,4.51965,4.51965,1000
mpi-default,2,float,65536,max,0.0001239,0.528941,0.528941,1000
mpi-default,2,float,65536,stddev,5.48289e-06,11.9528,11.9528,1000
ring,2,float,131072,min,1.37999e-05,9.49806,9.49806,1000
ring,2,float,131072,mean,1.48437e-05,8.83013,8.83013,1000
ring,2,float,131072,median,1.43e-05,9.16588,9.16588,1000
ring,2,float,131072,max,7.29999e-05,1.79551,1.79551,1000
ring,2,float,131072,stddev,3.56861e-06,36.7292,36.7292,1000
mpi-default,2,float,131072,min,1.76998e-05,7.40529,7.40529,1000
mpi-default,2,float,131072,mean,1.94848e-05,6.72688,6.72688,1000
mpi-default,2,float,131072,median,1.85999e-05,7.04692,7.04692,1000
mpi-default,2,float,131072,max,0.0002935,0.446582,0.446582,1000
mpi-default,2,float,131072,stddev,1.03196e-05,12.7012,12.7012,1000
ring,2,float,262144,min,2.39997e-05,10.9228,10.9228,1000
ring,2,float,262144,mean,2.62122e-05,10.0008,10.0008,1000
ring,2,float,262144,median,2.51001e-05,10.444,10.444,1000
ring,2,float,262144,max,9.39998e-05,2.78877,2.78877,1000
ring,2,float,262144,stddev,5.1399e-06,51.0017,51.0017,1000
mpi-default,2,float,262144,min,3.26e-05,8.04122,8.04122,1000
mpi-default,2,float,262144,mean,3.54125e-05,7.40258,7.40258,1000
mpi-default,2,float,262144,median,3.38e-05,7.75573,7.75573,1000
mpi-default,2,float,262144,max,0.0002385,1.09914,1.09914,1000
mpi-default,2,float,262144,stddev,9.45036e-06,27.739,27.739,1000
ring,2,float,524288,min,4.37996e-05,11.9701,11.9701,1000
ring,2,float,524288,mean,4.74768e-05,11.043,11.043,1000
ring,2,float,524288,median,4.50998e-05,11.6251,11.6251,1000
ring,2,float,524288,max,0.0007801,0.672078,0.672078,1000
ring,2,float,524288,stddev,2.48614e-05,21.0885,21.0885,1000
mpi-default,2,float,524288,min,5.16996e-05,10.141,10.141,1000
mpi-default,2,float,524288,mean,5.52203e-05,9.49448,9.49448,1000
mpi-default,2,float,524288,median,5.33001e-05,9.83654,9.83654,1000
mpi-default,2,float,524288,max,0.0002639,1.98669,1.98669,1000
mpi-default,2,float,524288,stddev,9.47302e-06,55.3454,55.3454,1000
ring,2,float,1048576,min,8.59001e-05,12.2069,12.2069,1000
ring,2,float,1048576,mean,9.22308e-05,11.369,11.369,1000
ring,2,float,1048576,median,8.86e-05,11.8349,11.8349,1000
ring,2,float,1048576,max,0.0007861,1.3339,1.3339,1000
ring,2,float,1048576,stddev,2.57995e-05,40.6432,40.6432,1000
mpi-default,2,float,1048576,min,0.0001808,5.79965,5.79965,1000
mpi-default,2,float,1048576,mean,0.000214296,4.89312,4.89312,1000
mpi-default,2,float,1048576,median,0.00020665,5.07416,5.07416,1000
mpi-default,2,float,1048576,max,0.0008745,1.19906,1.19906,1000
mpi-default,2,float,1048576,stddev,3.69339e-05,28.3906,28.3906,1000
ring,2,float,2097152,min,0.0001795,11.6833,11.6833,1000
ring,2,float,2097152,mean,0.000188456,11.1281,11.1281,1000
ring,2,float,2097152,median,0.00018375,11.4131,11.4131,1000
ring,2,float,2097152,max,0.0009558,2.19413,2.19413,1000
ring,2,float,2097152,stddev,3.12326e-05,67.1461,67.1461,1000
mpi-default,2,float,2097152,min,0.0003491,6.00731,6.00731,637
mpi-default,2,float,2097152,mean,0.000392525,5.34273,5.34273,637
mpi-default,2,float,2097152,median,0.0003818,5.4928,5.4928,637
mpi-default,2,float,2097152,max,0.001029,2.03805,2.03805,637
mpi-default,2,float,2097152,stddev,4.39056e-05,47.7651,47.7651,637
ring,2,float,4194304,min,0.0003661,11.4567,11.4567,649
ring,2,float,4194304,mean,0.00038548,10.8807,10.8807,649
ring,2,float,4194304,median,0.0003789,11.0697,11.0697,649
ring,2,float,4194304,max,0.0011221,3.73791,3.73791,649
ring,2,float,4194304,stddev,3.69567e-05,113.492,113.492,649
mpi-default,2,float,4194304,min,0.0007116,5.89419,5.89419,308
mpi-default,2,float,4194304,mean,0.000812675,5.16111,5.16111,308
mpi-default,2,float,4194304,median,0.00079155,5.29885,5.29885,308
mpi-default,2,float,4194304,max,0.0019558,2.14455,2.14455,308
mpi-default,2,float,4194304,stddev,9.8222e-05,42.7023,42.7023,308
ring,2,float,8388608,min,0.0007588,11.0551,11.0551,294
ring,2,float,8388608,mean,0.000850391,9.86441,9.86441,294
ring,2,float,8388608,median,0.00082265,10.1971,10.1971,294
ring,2,float,8388608,max,0.0015521,5.40468,5.40468,294
ring,2,float,8388608,stddev,0.000105018,79.8781,79.8781,294
mpi-default,2,float,8388608,min,0.0014042,5.97394,5.97394,156
mpi-default,2,float,8388608,mean,0.00160437,5.22859,5.22859,156
mpi-default,2,float,8388608,median,0.00157805,5.31581,5.31581,156
mpi-default,2,float,8388608,max,0.0023444,3.57815,3.57815,156
mpi-default,2,float,8388608,stddev,0.000130198,64.4296,64.4296,156
ring,2,float,16777216,min,0.0022975,7.30238,7.30238,97
ring,2,float,16777216,mean,0.00259003,6.47761,6.47761,97
ring,2,float,16777216,median,0.0025499,6.57956,6.57956,97
ring,2,float,16777216,max,0.003463,4.84471,4.84471,97
ring,2,float,16777216,stddev,0.000218898,76.6441,76.6441,97
mpi-default,2,float,16777216,min,0.0033648,4.9861,4.9861,68
mpi-default,2,float,16777216,mean,0.00372551,4.50333,4.50333,68
mpi-default,2,float,16777216,median,0.0036651,4.57756,4.57756,68
mpi-default,2,float,16777216,max,0.004556,3.68244,3.68244,68
mpi-default,2,float,16777216,stddev,0.000246933,67.9423,67.9423,68
ring,2,float,33554432,min,0.0052804,6.35452,6.35452,44
ring,2,float,33554432,mean,0.005826,5.75943,5.75943,44
ring,2,float,33554432,median,0.00576215,5.82325,5.82325,44
ring,2,float,33554432,max,0.0071419,4.69825,4.69825,44
ring,2,float,33554432,stddev,0.000331397,101.251,101.251,44
mpi-default,2,float,33554432,min,0.0073025,4.59492,4.59492,33
mpi-default,2,float,33554432,mean,0.00779783,4.30305,4.30305,33
mpi-default,2,float,33554432,median,0.0076962,4.35987,4.35987,33
mpi-default,2,float,33554432,max,0.0084945,3.95014,3.95014,33
mpi-default,2,float,33554432,stddev,0.000374376,89.6275,89.6275,33
ring,2,float,67108864,min,0.0111262,6.03161,6.03161,22
ring,2,float,67108864,mean,0.0116408,5.76497,5.76497,22
ring,2,float,67108864,median,0.0115511,5.80974,5.80974,22
ring,2,float,67108864,max,0.0125399,5.35163,5.35163,22
ring,2,float,67108864,stddev,0.000420415,159.625,159.625,22
mpi-default,2,float,67108864,min,0.0148199,4.52829,4.52829,16
mpi-default,2,float,67108864,mean,0.0160638,4.17764,4.17764,16
mpi-default,2,float,67108864,median,0.0157387,4.26393,4.26393,16
mpi-default,2,float,67108864,max,0.0184732,3.63277,3.63277,16
mpi-default,2,float,67108864,stddev,0.000993235,67.566,67.566,16
ring,2,float,134217728,min,0.0227028,5.91195,5.91195,11
ring,2,float,134217728,mean,0.0234737,5.71779,5.71779,11
ring,2,float,134217728,median,0.0233188,5.75577,5.75577,11
ring,2,float,134217728,max,0.0261448,5.13363,5.13363,11
ring,2,float,134217728,stddev,0.00101433,132.321,132.321,11
mpi-default,2,float,134217728,min,0.0303137,4.42763,4.42763,8
mpi-default,2,float,134217728,mean,0.0325839,4.11914,4.11914,8
mpi-default,2,float,134217728,median,0.0332938,4.03131,4.03131,8
mpi-default,2,float,134217728,max,0.0344999,3.89038,3.89038,8
mpi-default,2,float,134217728,stddev,0.00177508,75.6121,75.6121,8
ring,4,float,8,min,1.8999e-06,0.00421075,0.00631613,1000
ring,4,float,8,mean,2.45453e-06,0.00325928,0.00488892,1000
ring,4,float,8,median,2.10013e-06,0.00380928,0.00571393,1000
ring,4,float,8,max,0.0001854,4.315e-05,6.4725e-05,1000
ring,4,float,8,stddev,6.37541e-06,0.00125482,0.00188223,1000
mpi-default,4,float,8,min,5.99772e-07,0.0133384,0.0200076,1000
mpi-default,4,float,8,mean,8.21051e-07,0.00974361,0.0146154,1000
mpi-default,4,float,8,median,6.99889e-07,0.0114304,0.0171456,1000
mpi-default,4,float,8,max,6.57002e-05,0.000121765,0.000182648,1000
mpi-default,4,float,8,stddev,2.07267e-06,0.00385976,0.00578964,1000
ring,4,float,16,min,1.8999e-06,0.0084215,0.0126323,1000
ring,4,float,16,mean,2.29972e-06,0.00695738,0.0104361,1000
ring,4,float,16,median,2.00002e-06,0.00799994,0.0119999,1000
ring,4,float,16,max,0.0001079,0.000148286,0.000222429,1000
ring,4,float,16,stddev,3.37295e-06,0.00474362,0.00711543,1000
mpi-default,4,float,16,min,5.99772e-07,0.0266768,0.0400152,1000
mpi-default,4,float,16,mean,6.80384e-07,0.0235161,0.0352742,1000
mpi-default,4,float,16,median,6.99889e-07,0.0228608,0.0342912,1000
mpi-default,4,float,16,max,5.09992e-06,0.0031373,0.00470595,1000
mpi-default,4,float,16,stddev,2.57568e-07,0.0621194,0.0931791,1000
ring,4,float,32,min,1.8999e-06,0.016843,0.0252645,1000
ring,4,float,32,mean,2.44763e-06,0.0130739,0.0196108,1000
ring,4,float,32,median,2.00002e-06,0.0159999,0.0239998,1000
ring,4,float,32,max,0.0001374,0.000232897,0.000349345,1000
ring,4,float,32,stddev,6.22394e-06,0.00514144,0.00771216,1000
mpi-default,4,float,32,min,6.99889e-07,0.0457215,0.0685823,1000
mpi-default,4,float,32,mean,8.0591e-07,0.0397067,0.05956,1000
mpi-default,4,float,32,median,8.00006e-07,0.0399997,0.0599995,1000
mpi-default,4,float,32,max,5.30016e-06,0.00603756,0.00905634,1000
mpi-default,4,float,32,stddev,1.87533e-07,0.170636,0.255955,1000
ring,4,float,64,min,1.8999e-06,0.033686,0.050529,1000
ring,4,float,64,mean,2.04563e-06,0.0312862,0.0469293,1000
ring,4,float,64,median,2.00002e-06,0.0319998,0.0479996,1000
ring,4,float,64,max,5.10039e-06,0.0125481,0.0188221,1000
ring,4,float,64,stddev,2.25326e-07,0.284033,0.426049,1000
mpi-default,4,float,64,min,6.99889e-07,0.0914431,0.137165,1000
mpi-default,4,float,64,mean,8.09012e-07,0.0791088,0.118663,1000
mpi-default,4,float,64,median,8.00006e-07,0.0799994,0.119999,1000
mpi-default,4,float,64,max,3.89991e-06,0.0164106,0.0246159,1000
mpi-default,4,float,64,stddev,1.66258e-07,0.384945,0.577417,1000
ring,4,float,128,min,2.00002e-06,0.0639995,0.0959993,1000
ring,4,float,128,mean,2.23464e-06,0.0572798,0.0859197,1000
ring,4,float,128,median,2.20025e-06,0.0581752,0.0872628,1000
ring,4,float,128,max,1.45999e-05,0.0087672,0.0131508,1000
ring,4,float,128,stddev,4.55188e-07,0.281202,0.421804,1000
mpi-default,4,float,128,min,6.99889e-07,0.182886,0.274329,1000
mpi-default,4,float,128,mean,1.05756e-06,0.121034,0.181551,1000
mpi-default,4,float,128,median,9.00123e-07,0.142203,0.213304,1000
mpi-default,4,float,128,max,5.66002e-05,0.00226148,0.00339221,1000
mpi-default,4,float,128,stddev,1.93872e-06,0.0660231,0.0990346,1000
ring,4,float,256,min,2.09967e-06,0.121924,0.182886,1000
ring,4,float,256,mean,2.37535e-06,0.107773,0.16166,1000
ring,4,float,256,median,2.20025e-06,0.11635,0.174526,1000
ring,4,float,256,max,0.0001123,0.00227961,0.00341942,1000
ring,4,float,256,stddev,3.4958e-06,0.0732307,0.109846,1000
mpi-default,4,float,256,min,7.00355e-07,0.365529,0.548294,1000
mpi-default,4,float,256,mean,8.95625e-07,0.285834,0.428751,1000
mpi-default,4,float,256,median,9.00123e-07,0.284405,0.426608,1000
mpi-default,4,float,256,max,4.20026e-06,0.0609485,0.0914228,1000
mpi-default,4,float,256,stddev,2.15933e-07,1.18556,1.77833,1000
ring,4,float,512,min,2.09967e-06,0.243848,0.365772,1000
ring,4,float,512,mean,2.73276e-06,0.187356,0.281035,1000
ring,4,float,512,median,2.2999e-06,0.222618,0.333927,1000
ring,4,float,512,max,0.0001066,0.00480302,0.00720453,1000
ring,4,float,512,stddev,5.48734e-06,0.0933057,0.139959,1000
mpi-default,4,float,512,min,9.00123e-07,0.568811,0.853216,1000
mpi-default,4,float,512,mean,1.20134e-06,0.42619,0.639285,1000
mpi-default,4,float,512,median,1.09989e-06,0.4655,0.69825,1000
mpi-default,4,float,512,max,0.0001091,0.00469295,0.00703943,1000
mpi-default,4,float,512,stddev,3.4256e-06,0.149463,0.224195,1000
ring,4,float,1024,min,2.10013e-06,0.487588,0.731382,1000
ring,4,float,1024,mean,2.36905e-06,0.432241,0.648361,1000
ring,4,float,1024,median,2.30037e-06,0.445146,0.66772,1000
ring,4,float,1024,max,8.40006e-06,0.121904,0.182856,1000
ring,4,float,1024,stddev,3.83022e-07,2.67348,4.01022,1000
mpi-default,4,float,1024,min,1.09989e-06,0.931001,1.3965,1000
mpi-default,4,float,1024,mean,1.30712e-06,0.783403,1.1751,1000
mpi-default,4,float,1024,median,1.20001e-06,0.853327,1.27999,1000
mpi-default,4,float,1024,max,0.0001002,0.0102196,0.0153293,1000
mpi-default,4,float,1024,stddev,3.13813e-06,0.326309,0.489464,1000
ring,4,float,2048,min,2.79956e-06,0.731545,1.09732,1000
ring,4,float,2048,mean,3.11673e-06,0.657098,0.985647,1000
ring,4,float,2048,median,2.90014e-06,0.706173,1.05926,1000
ring,4,float,2048,max,9.85004e-05,0.0207918,0.0311877,1000
ring,4,float,2048,stddev,3.65338e-06,0.560576,0.840864,1000
mpi-default,4,float,2048,min,1.30013e-06,1.57523,2.36285,1000
mpi-default,4,float,2048,mean,1.71762e-06,1.19234,1.78852,1000
mpi-default,4,float,2048,median,1.4999e-06,1.36543,2.04814,1000
mpi-default,4,float,2048,max,0.0001008,0.0203175,0.0304762,1000
mpi-default,4,float,2048,stddev,3.84238e-06,0.533002,0.799504,1000
ring,4,float,4096,min,2.99979e-06,1.36543,2.04814,1000
ring,4,float,4096,mean,3.33533e-06,1.22806,1.8421,1000
ring,4,float,4096,median,3.20002e-06,1.27999,1.91999,1000
ring,4,float,4096,max,1.78004e-05,0.230108,0.345161,1000
ring,4,float,4096,stddev,8.00017e-07,5.11989,7.67984,1000
mpi-default,4,float,4096,min,5.79981e-06,0.70623,1.05934,1000
mpi-default,4,float,4096,mean,7.00573e-06,0.584665,0.876997,1000
mpi-default,4,float,4096,median,6.59982e-06,0.620623,0.930935,1000
mpi-default,4,float,4096,max,0.0001161,0.0352799,0.0529199,1000
mpi-default,4,float,4096,stddev,4.05044e-06,1.01125,1.51687,1000
ring,4,float,8192,min,3.7998e-06,2.15591,3.23386,1000
ring,4,float,8192,mean,4.68514e-06,1.74851,2.62276,1000
ring,4,float,8192,median,4.50015e-06,1.82038,2.73058,1000
ring,4,float,8192,max,0.0001594,0.0513927,0.0770891,1000
ring,4,float,8192,stddev,5.04506e-06,1.62377,2.43565,1000
mpi-default,4,float,8192,min,7.40029e-06,1.10698,1.66048,1000
mpi-default,4,float,8192,mean,8.13472e-06,1.00704,1.51056,1000
mpi-default,4,float,8192,median,8.00006e-06,1.02399,1.53599,1000
mpi-default,4,float,8192,max,1.97999e-05,0.413739,0.620609,1000
mpi-default,4,float,8192,stddev,8.37725e-07,9.77887,14.6683,1000
ring,4,float,16384,min,1.42003e-05,1.15378,1.73066,1000
ring,4,float,16384,mean,1.74699e-05,0.93784,1.40676,1000
ring,4,float,16384,median,1.57999e-05,1.03697,1.55545,1000
ring,4,float,16384,max,0.0002401,0.0682383,0.102358,1000
ring,4,float,16384,stddev,1.04464e-05,1.56839,2.35259,1000
mpi-default,4,float,16384,min,1.11e-05,1.47604,2.21406,1000
mpi-default,4,float,16384,mean,1.38817e-05,1.18026,1.77039,1000
mpi-default,4,float,16384,median,1.21999e-05,1.34297,2.01445,1000
mpi-default,4,float,16384,max,0.0012115,0.0135237,0.0202856,1000
mpi-default,4,float,16384,stddev,3.84432e-05,0.426187,0.63928,1000
ring,4,float,32768,min,1.69999e-05,1.92754,2.89131,1000
ring,4,float,32768,mean,1.99876e-05,1.63942,2.45912,1000
ring,4,float,32768,median,1.78004e-05,1.84086,2.76129,1000
ring,4,float,32768,max,0.0002016,0.16254,0.24381,1000
ring,4,float,32768,stddev,9.71648e-06,3.37241,5.05862,1000
mpi-default,4,float,32768,min,1.40001e-05,2.34055,3.51083,1000
mpi-default,4,float,32768,mean,2.37748e-05,1.37827,2.0674,1000
mpi-default,4,float,32768,median,2.105e-05,1.55668,2.33501,1000
mpi-default,4,float,32768,max,0.0001941,0.16882,0.25323,1000
mpi-default,4,float,32768,stddev,1.09497e-05,2.99259,4.48888,1000
ring,4,float,65536,min,2.09999e-05,3.12077,4.68116,1000
ring,4,float,65536,mean,2.43624e-05,2.69005,4.03507,1000
ring,4,float,65536,median,2.20002e-05,2.97889,4.46833,1000
ring,4,float,65536,max,0.000355,0.184608,0.276913,1000
ring,4,float,65536,stddev,1.49361e-05,4.38777,6.58165,1000
mpi-default,4,float,65536,min,2.24998e-05,2.91273,4.3691,1000
mpi-default,4,float,65536,mean,4.29412e-05,1.52618,2.28927,1000
mpi-default,4,float,65536,median,4.21e-05,1.55668,2.33501,1000
mpi-default,4,float,65536,max,0.0009874,0.0663723,0.0995584,1000
mpi-default,4,float,65536,stddev,3.60232e-05,1.81927,2.72891,1000
ring,4,float,131072,min,2.51001e-05,5.22198,7.83296,1000
ring,4,float,131072,mean,3.22582e-05,4.06321,6.09482,1000
ring,4,float,131072,median,2.92999e-05,4.47347,6.7102,1000
ring,4,float,131072,max,0.0001747,0.75027,1.1254,1000
ring,4,float,131072,stddev,9.07249e-06,14.4472,21.6708,1000
mpi-default,4,float,131072,min,4.73e-05,2.77108,4.15662,1000
mpi-default,4,float,131072,mean,6.38404e-05,2.05312,3.07968,1000
mpi-default,4,float,131072,median,6.16501e-05,2.12606,3.1891,1000
mpi-default,4,float,131072,max,0.0002312,0.56692,0.850379,1000
mpi-default,4,float,131072,stddev,1.44743e-05,9.05551,13.5833,1000
ring,4,float,262144,min,4.24003e-05,6.18259,9.27389,1000
ring,4,float,262144,mean,5.51321e-05,4.75483,7.13225,1000
ring,4,float,262144,median,4.65498e-05,5.63147,8.44721,1000
ring,4,float,262144,max,0.0013997,0.187286,0.280929,1000
ring,4,float,262144,stddev,4.6355e-05,5.65514,8.48271,1000
mpi-default,4,float,262144,min,8.13003e-05,3.22439,4.83659,1000
mpi-default,4,float,262144,mean,0.000135296,1.93756,2.90634,1000
mpi-default,4,float,262144,median,0.00012995,2.01727,3.0259,1000
mpi-default,4,float,262144,max,0.0010638,0.246422,0.369633,1000
mpi-default,4,float,262144,stddev,5.16539e-05,5.07501,7.61252,1000
ring,4,float,524288,min,7.69999e-05,6.80894,10.2134,1000
ring,4,float,524288,mean,0.000106997,4.90003,7.35005,1000
ring,4,float,524288,median,9.88999e-05,5.3012,7.95179,1000
ring,4,float,524288,max,0.0007474,0.701483,1.05222,1000
ring,4,float,524288,stddev,4.34417e-05,12.0688,18.1031,1000
mpi-default,4,float,524288,min,8.37999e-05,6.25642,9.38464,1000
mpi-default,4,float,524288,mean,0.000145124,3.6127,5.41905,1000
mpi-default,4,float,524288,median,0.0001433,3.65867,5.488,1000
mpi-default,4,float,524288,max,0.0006672,0.785803,1.17871,1000
mpi-default,4,float,524288,stddev,4.79365e-05,10.9371,16.4057,1000
ring,4,float,1048576,min,0.0001353,7.75,11.625,1000
ring,4,float,1048576,mean,0.000188968,5.54897,8.32345,1000
ring,4,float,1048576,median,0.0001833,5.72054,8.58081,1000
ring,4,float,1048576,max,0.0020013,0.523947,0.785921,1000
ring,4,float,1048576,stddev,9.07985e-05,11.5484,17.3226,1000
mpi-default,4,float,1048576,min,0.0002619,4.00373,6.0056,734
mpi-default,4,float,1048576,mean,0.000340664,3.07803,4.61705,734
mpi-default,4,float,1048576,median,0.00031275,3.35276,5.02914,734
mpi-default,4,float,1048576,max,0.0014252,0.73574,1.10361,734
mpi-default,4,float,1048576,stddev,9.01734e-05,11.6284,17.4427,734
ring,4,float,2097152,min,0.0002952,7.10416,10.6562,635
ring,4,float,2097152,mean,0.000393817,5.3252,7.9878,635
ring,4,float,2097152,median,0.0003679,5.70033,8.5505,635
ring,4,float,2097152,max,0.0017419,1.20395,1.80592,635
ring,4,float,2097152,stddev,9.85472e-05,21.2807,31.921,635
mpi-default,4,float,2097152,min,0.0005171,4.0556,6.0834,372
mpi-default,4,float,2097152,mean,0.000673485,3.11388,4.67082,372
mpi-default,4,float,2097152,median,0.00061135,3.43036,5.14554,372
mpi-default,4,float,2097152,max,0.0043265,0.484723,0.727084,372
mpi-default,4,float,2097152,stddev,0.000226966,9.23994,13.8599,372
ring,4,float,4194304,min,0.0006965,6.02197,9.03296,297
ring,4,float,4194304,mean,0.000843642,4.97166,7.45749,297
ring,4,float,4194304,median,0.0007949,5.27652,7.91478,297
ring,4,float,4194304,max,0.0021678,1.93482,2.90223,297
ring,4,float,4194304,stddev,0.000164532,25.4923,38.2385,297
mpi-default,4,float,4194304,min,0.0010446,4.01522,6.02284,179
mpi-default,4,float,4194304,mean,0.00140041,2.99506,4.49259,179
mpi-default,4,float,4194304,median,0.0013066,3.21009,4.81514,179
mpi-default,4,float,4194304,max,0.0028878,1.45242,2.17863,179
mpi-default,4,float,4194304,stddev,0.00028399,14.7692,22.1538,179
ring,4,float,8388608,min,0.0019817,4.23304,6.34955,100
ring,4,float,8388608,mean,0.00251128,3.34037,5.01056,100
ring,4,float,8388608,median,0.00235275,3.56545,5.34817,100
ring,4,float,8388608,max,0.0040276,2.08278,3.12417,100
ring,4,float,8388608,stddev,0.000468541,17.9037,26.8555,100
mpi-default,4,float,8388608,min,0.0027061,3.09989,4.64983,78
mpi-default,4,float,8388608,mean,0.00321696,2.60762,3.91142,78
mpi-default,4,float,8388608,median,0.0031488,2.66407,3.9961,78
mpi-default,4,float,8388608,max,0.0048677,1.72332,2.58498,78
mpi-default,4,float,8388608,stddev,0.000357386,23.4721,35.2082,78
ring,4,float,16777216,min,0.0055149,3.04216,4.56324,41
ring,4,float,16777216,mean,0.00621148,2.701,4.0515,41
ring,4,float,16777216,median,0.0061717,2.71841,4.07762,41
ring,4,float,16777216,max,0.0073447,2.28426,3.42639,41
ring,4,float,16777216,stddev,0.000461758,36.3333,54.5,41
mpi-default,4,float,16777216,min,0.0070664,2.37422,3.56134,31
mpi-default,4,float,16777216,mean,0.00810157,2.07086,3.10629,31
mpi-default,4,float,16777216,median,0.0079268,2.11652,3.17478,31
mpi-default,4,float,16777216,max,0.0102132,1.6427,2.46405,31
mpi-default,4,float,16777216,stddev,0.000756775,22.1694,33.254,31
ring,4,float,33554432,min,0.013862,2.42061,3.63091,17
ring,4,float,33554432,mean,0.0149226,2.24857,3.37286,17
ring,4,float,33554432,median,0.0149474,2.24483,3.36725,17
ring,4,float,33554432,max,0.0166452,2.01586,3.02379,17
ring,4,float,33554432,stddev,0.000687824,48.7835,73.1752,17
mpi-default,4,float,33554432,min,0.0148515,2.25933,3.38899,16
mpi-default,4,float,33554432,mean,0.0159212,2.10753,3.16129,16
mpi-default,4,float,33554432,median,0.015719,2.13463,3.20195,16
mpi-default,4,float,33554432,max,0.0189062,1.77478,2.66218,16
mpi-default,4,float,33554432,stddev,0.00101548,33.0431,49.5646,16
ring,4,float,67108864,min,0.0287127,2.33725,3.50588,9
ring,4,float,67108864,mean,0.0304823,2.20157,3.30235,9
ring,4,float,67108864,median,0.0303824,2.20881,3.31321,9
ring,4,float,67108864,max,0.0332641,2.01746,3.02618,9
ring,4,float,67108864,stddev,0.00131319,51.1037,76.6555,9
mpi-default,4,float,67108864,min,0.0316558,2.11995,3.17993,8
mpi-default,4,float,67108864,mean,0.0326433,2.05582,3.08374,8
mpi-default,4,float,67108864,median,0.0321001,2.09062,3.13592,8
mpi-default,4,float,67108864,max,0.0345907,1.94008,2.91013,8
mpi-default,4,float,67108864,stddev,0.00116987,57.3641,86.0462,8
ring,4,float,134217728,min,0.0611005,2.19667,3.29501,4
ring,4,float,134217728,mean,0.062959,2.13183,3.19774,4
ring,4,float,134217728,median,0.0624109,2.15055,3.22582,4
ring,4,float,134217728,max,0.0659138,2.03626,3.05439,4
ring,4,float,134217728,stddev,0.00211979,63.3166,94.9749,4
mpi-default,4,float,134217728,min,0.0653092,2.05511,3.08267,4
mpi-default,4,float,134217728,mean,0.0675487,1.98698,2.98047,4
mpi-default,4,float,134217728,median,0.0670071,2.00304,3.00456,4
mpi-default,4,float,134217728,max,0.0708713,1.89382,2.84074,4
mpi-default,4,float,134217728,stddev,0.0024627,54.5003,81.7504,4
ring,8,float,8,min,6.40005e-06,0.00124999,0.00218748,1000
ring,8,float,8,mean,9.11473e-06,0.000877701,0.00153598,1000
ring,8,float,8,median,7.40029e-06,0.00108104,0.00189182,1000
ring,8,float,8,max,0.0002218,3.60685e-05,6.31199e-05,1000
ring,8,float,8,stddev,1.15921e-05,0.000690125,0.00120772,1000
mpi-default,8,float,8,min,1.00024e-06,0.00799808,0.0139966,1000
mpi-default,8,float,8,mean,2.04425e-06,0.00391342,0.00684849,1000
mpi-default,8,float,8,median,1.50036e-06,0.00533205,0.00933109,1000
mpi-default,8,float,8,max,5.77997e-05,0.000138409,0.000242216,1000
mpi-default,8,float,8,stddev,2.26965e-06,0.00352477,0.00616835,1000
ring,8,float,16,min,6.00005e-06,0.00266665,0.00466663,1000
ring,8,float,16,mean,7.53213e-06,0.00212423,0.00371741,1000
ring,8,float,16,median,6.69993e-06,0.00238808,0.00417915,1000
ring,8,float,16,max,0.0002837,5.63976e-05,9.86958e-05,1000
ring,8,float,16,stddev,9.53022e-06,0.00167887,0.00293802,1000
mpi-default,8,float,16,min,1.30013e-06,0.0123065,0.0215364,1000
mpi-default,8,float,16,mean,1.60838e-06,0.00994791,0.0174088,1000
mpi-default,8,float,16,median,1.4999e-06,0.0106674,0.018668,1000
mpi-default,8,float,16,max,1.85003e-05,0.000864853,0.00151349,1000
mpi-default,8,float,16,stddev,9.0553e-07,0.0176692,0.0309211,1000
ring,8,float,32,min,5.60004e-06,0.00571424,0.00999992,1000
ring,8,float,32,mean,7.15692e-06,0.0044712,0.0078246,1000
ring,8,float,32,median,6.59982e-06,0.00484862,0.00848508,1000
ring,8,float,32,max,0.00026,0.000123077,0.000215385,1000
ring,8,float,32,stddev,8.89752e-06,0.00359651,0.00629389,1000
mpi-default,8,float,32,min,1.29966e-06,0.0246218,0.0430882,1000
mpi-default,8,float,32,mean,2.22575e-06,0.0143772,0.02516,1000
mpi-default,8,float,32,median,1.50036e-06,0.0213282,0.0373244,1000
mpi-default,8,float,32,max,0.0001899,0.00016851,0.000294892,1000
mpi-default,8,float,32,stddev,8.44901e-06,0.00378743,0.006628,1000
ring,8,float,64,min,6.29993e-06,0.0101588,0.017778,1000
ring,8,float,64,mean,7.7893e-06,0.00821639,0.0143787,1000
ring,8,float,64,median,6.69993e-06,0.00955233,0.0167166,1000
ring,8,float,64,max,0.0002489,0.000257131,0.00044998,1000
ring,8,float,64,stddev,1.00986e-05,0.00633753,0.0110907,1000
mpi-default,8,float,64,min,1.40024e-06,0.0457063,0.0799861,1000
mpi-default,8,float,64,mean,2.08675e-06,0.0306697,0.0536719,1000
mpi-default,8,float,64,median,1.60001e-06,0.0399997,0.0699995,1000
mpi-default,8,float,64,max,0.0001227,0.000521598,0.000912796,1000
mpi-default,8,float,64,stddev,5.04861e-06,0.0126767,0.0221843,1000
ring,8,float,128,min,4.5998e-06,0.0278273,0.0486977,1000
ring,8,float,128,mean,6.71633e-06,0.019058,0.0333515,1000
ring,8,float,128,median,6.29993e-06,0.0203177,0.0355559,1000
ring,8,float,128,max,0.0002432,0.000526316,0.000921053,1000
ring,8,float,128,stddev,1.05157e-05,0.0121722,0.0213014,1000
mpi-default,8,float,128,min,1.09989e-06,0.116375,0.203656,1000
mpi-default,8,float,128,mean,1.69814e-06,0.0753766,0.131909,1000
mpi-default,8,float,128,median,1.30013e-06,0.098452,0.172291,1000
mpi-default,8,float,128,max,0.0002263,0.00056562,0.000989836,1000
mpi-default,8,float,128,stddev,7.16444e-06,0.017866,0.0312655,1000
ring,8,float,256,min,5.89993e-06,0.0433904,0.0759331,1000
ring,8,float,256,mean,8.70842e-06,0.0293968,0.0514444,1000
ring,8,float,256,median,6.90017e-06,0.0371005,0.0649259,1000
ring,8,float,256,max,0.0003524,0.000726447,0.00127128,1000
ring,8,float,256,stddev,1.82834e-05,0.0140018,0.0245032,1000
mpi-default,8,float,256,min,1.4999e-06,0.170679,0.298688,1000
mpi-default,8,float,256,mean,2.10073e-06,0.121862,0.213259,1000
mpi-default,8,float,256,median,1.70013e-06,0.150577,0.263509,1000
mpi-default,8,float,256,max,8.18996e-05,0.00312578,0.00547011,1000
mpi-default,8,float,256,stddev,3.25689e-06,0.0786025,0.137554,1000
ring,8,float,512,min,4.80004e-06,0.106666,0.186665,1000
ring,8,float,512,mean,7.63812e-06,0.0670322,0.117306,1000
ring,8,float,512,median,6.79959e-06,0.0752987,0.131773,1000
ring,8,float,512,max,0.0002576,0.00198758,0.00347826,1000
ring,8,float,512,stddev,1.39696e-05,0.0366511,0.0641395,1000
mpi-default,8,float,512,min,1.39978e-06,0.365772,0.640102,1000
mpi-default,8,float,512,mean,2.01672e-06,0.253877,0.444285,1000
mpi-default,8,float,512,median,1.79978e-06,0.284479,0.497838,1000
mpi-default,8,float,512,max,0.0001395,0.00367025,0.00642294,1000
mpi-default,8,float,512,stddev,4.4357e-06,0.115427,0.201997,1000
ring,8,float,1024,min,5.20004e-06,0.196922,0.344613,1000
ring,8,float,1024,mean,8.88293e-06,0.115277,0.201735,1000
ring,8,float,1024,median,7.49994e-06,0.136534,0.238935,1000
ring,8,float,1024,max,0.0002933,0.00349131,0.00610978,1000
ring,8,float,1024,stddev,1.53984e-05,0.0665005,0.116376,1000
mpi-default,8,float,1024,min,1.79978e-06,0.568958,0.995677,1000
mpi-default,8,float,1024,mean,3.37025e-06,0.303835,0.531712,1000
mpi-default,8,float,1024,median,2.10013e-06,0.487588,0.85328,1000
mpi-default,8,float,1024,max,0.0002743,0.00373314,0.006533,1000
mpi-default,8,float,1024,stddev,1.16949e-05,0.0875593,0.153229,1000
ring,8,float,2048,min,5.10039e-06,0.401538,0.702692,1000
ring,8,float,2048,mean,7.85523e-06,0.260718,0.456257,1000
ring,8,float,2048,median,7.09994e-06,0.288453,0.504793,1000
ring,8,float,2048,max,0.0002465,0.00830833,0.0145396,1000
ring,8,float,2048,stddev,1.17705e-05,0.173994,0.30449,1000
mpi-default,8,float,2048,min,2.49967e-06,0.819308,1.43379,1000
mpi-default,8,float,2048,mean,3.13873e-06,0.652494,1.14186,1000
mpi-default,8,float,2048,median,2.80002e-06,0.731423,1.27999,1000
mpi-default,8,float,2048,max,6.48e-05,0.0316049,0.0553086,1000
mpi-default,8,float,2048,stddev,2.49569e-06,0.820614,1.43608,1000
ring,8,float,4096,min,6.69993e-06,0.611349,1.06986,1000
ring,8,float,4096,mean,8.76913e-06,0.467093,0.817413,1000
ring,8,float,4096,median,7.9996e-06,0.512026,0.896045,1000
ring,8,float,4096,max,0.0002669,0.0153466,0.0268565,1000
ring,8,float,4096,stddev,9.16372e-06,0.44698,0.782215,1000
mpi-default,8,float,4096,min,1.09002e-05,0.375773,0.657603,1000
mpi-default,8,float,4096,mean,1.69234e-05,0.242032,0.423555,1000
mpi-default,8,float,4096,median,1.71e-05,0.239532,0.419181,1000
mpi-default,8,float,4096,max,0.0002541,0.0161196,0.0282093,1000
mpi-default,8,float,4096,stddev,1.57499e-05,0.260064,0.455113,1000
ring,8,float,8192,min,7.49994e-06,1.09228,1.91148,1000
ring,8,float,8192,mean,9.51863e-06,0.860628,1.5061,1000
ring,8,float,8192,median,8.90018e-06,0.92043,1.61075,1000
ring,8,float,8192,max,0.0001358,0.0603241,0.105567,1000
ring,8,float,8192,stddev,4.91201e-06,1.66775,2.91856,1000
mpi-default,8,float,8192,min,1.47e-05,0.557279,0.975238,1000
mpi-default,8,float,8192,mean,2.44597e-05,0.334918,0.586107,1000
mpi-default,8,float,8192,median,2.17999e-05,0.375781,0.657617,1000
mpi-default,8,float,8192,max,0.0006771,0.0120986,0.0211726,1000
mpi-default,8,float,8192,stddev,2.25868e-05,0.36269,0.634708,1000
ring,8,float,16384,min,8.89972e-06,1.84096,3.22167,1000
ring,8,float,16384,mean,1.24964e-05,1.3111,2.29442,1000
ring,8,float,16384,median,1.11e-05,1.47604,2.58307,1000
ring,8,float,16384,max,0.0004102,0.0399415,0.0698977,1000
ring,8,float,16384,stddev,1.79032e-05,0.915146,1.6015,1000
mpi-default,8,float,16384,min,1.65999e-05,0.986994,1.72724,1000
mpi-default,8,float,16384,mean,2.63734e-05,0.621232,1.08716,1000
mpi-default,8,float,16384,median,2.23001e-05,0.734707,1.28574,1000
mpi-default,8,float,16384,max,0.0003458,0.04738,0.082915,1000
mpi-default,8,float,16384,stddev,2.29712e-05,0.71324,1.24817,1000
ring,8,float,32768,min,3.86001e-05,0.848911,1.48559,1000
ring,8,float,32768,mean,6.11523e-05,0.535842,0.937724,1000
ring,8,float,32768,median,4.82001e-05,0.679832,1.18971,1000
ring,8,float,32768,max,0.0004594,0.0713278,0.124824,1000
ring,8,float,32768,stddev,3.81588e-05,0.858728,1.50277,1000
mpi-default,8,float,32768,min,2.24998e-05,1.45637,2.54864,1000
mpi-default,8,float,32768,mean,3.36781e-05,0.972976,1.70271,1000
mpi-default,8,float,32768,median,2.75001e-05,1.19156,2.08523,1000
mpi-default,8,float,32768,max,0.0003502,0.0935694,0.163746,1000
mpi-default,8,float,32768,stddev,2.21251e-05,1.48103,2.5918,1000
ring,8,float,65536,min,4.95999e-05,1.32129,2.31226,1000
ring,8,float,65536,mean,9.37582e-05,0.698989,1.22323,1000
ring,8,float,65536,median,8.55997e-05,0.76561,1.33982,1000
ring,8,float,65536,max,0.0004537,0.144448,0.252784,1000
ring,8,float,65536,stddev,4.052e-05,1.61738,2.83041,1000
mpi-default,8,float,65536,min,5.18998e-05,1.26274,2.2098,1000
mpi-default,8,float,65536,mean,0.000131479,0.498452,0.872291,1000
mpi-default,8,float,65536,median,0.00012145,0.539613,0.944322,1000
mpi-default,8,float,65536,max,0.0008905,0.0735946,0.128791,1000
mpi-default,8,float,65536,stddev,5.60794e-05,1.16863,2.0451,1000
ring,8,float,131072,min,5.41001e-05,2.42277,4.23985,1000
ring,8,float,131072,mean,0.000104774,1.25099,2.18924,1000
ring,8,float,131072,median,9.895e-05,1.32463,2.3181,1000
ring,8,float,131072,max,0.00052,0.252062,0.441108,1000
ring,8,float,131072,stddev,5.84226e-05,2.24352,3.92615,1000
mpi-default,8,float,131072,min,7.16997e-05,1.82807,3.19912,1000
mpi-default,8,float,131072,mean,0.00015122,0.866763,1.51684,1000
mpi-default,8,float,131072,median,0.0001334,0.98255,1.71946,1000
mpi-default,8,float,131072,max,0.0010333,0.126848,0.221984,1000
mpi-default,8,float,131072,stddev,6.85101e-05,1.91318,3.34806,1000
ring,8,float,262144,min,7.41002e-05,3.5377,6.19097,1000
ring,8,float,262144,mean,0.000163926,1.59916,2.79853,1000
ring,8,float,262144,median,0.00016095,1.62873,2.85028,1000
ring,8,float,262144,max,0.0007822,0.335137,0.586489,1000
ring,8,float,262144,stddev,6.89203e-05,3.80358,6.65627,1000
mpi-default,8,float,262144,min,0.0001173,2.23482,3.91093,1000
mpi-default,8,float,262144,mean,0.000221082,1.18573,2.07503,1000
mpi-default,8,float,262144,median,0.00021725,1.20664,2.11163,1000
mpi-default,8,float,262144,max,0.0011547,0.227024,0.397291,1000
mpi-default,8,float,262144,stddev,6.54483e-05,4.00536,7.00938,1000
ring,8,float,524288,min,0.0001233,4.25213,7.44123,1000
ring,8,float,524288,mean,0.000241168,2.17395,3.80441,1000
ring,8,float,524288,median,0.00025545,2.05241,3.59171,1000
ring,8,float,524288,max,0.0018051,0.290448,0.508284,1000
ring,8,float,524288,stddev,9.45004e-05,5.548,9.709,1000
mpi-default,8,float,524288,min,0.0001189,4.40948,7.7166,1000
mpi-default,8,float,524288,mean,0.000247783,2.11591,3.70285,1000
mpi-default,8,float,524288,median,0.0002315,2.26474,3.9633,1000
mpi-default,8,float,524288,max,0.0038184,0.137306,0.240285,1000
mpi-default,8,float,524288,stddev,0.000142462,3.68018,6.44032,1000
ring,8,float,1048576,min,0.000237,4.42437,7.74264,544
ring,8,float,1048576,mean,0.000459637,2.28132,3.9923,544
ring,8,float,1048576,median,0.00046465,2.2567,3.94923,544
ring,8,float,1048576,max,0.0035867,0.292351,0.511615,544
ring,8,float,1048576,stddev,0.000169016,6.204,10.857,544
mpi-default,8,float,1048576,min,0.000353,2.97047,5.19832,487
mpi-default,8,float,1048576,mean,0.000514451,2.03824,3.56692,487
mpi-default,8,float,1048576,median,0.0004867,2.15446,3.77031,487
mpi-default,8,float,1048576,max,0.003491,0.300366,0.52564,487
mpi-default,8,float,1048576,stddev,0.00019278,5.43924,9.51866,487
ring,8,float,2097152,min,0.000419,5.00513,8.75898,362
ring,8,float,2097152,mean,0.000691519,3.03267,5.30718,362
ring,8,float,2097152,median,0.0006283,3.33782,5.84118,362
ring,8,float,2097152,max,0.0035827,0.585355,1.02437,362
ring,8,float,2097152,stddev,0.000229293,9.14618,16.0058,362
mpi-default,8,float,2097152,min,0.0006778,3.09406,5.4146,237
mpi-default,8,float,2097152,mean,0.00105887,1.98055,3.46597,237
mpi-default,8,float,2097152,median,0.0010021,2.09276,3.66233,237
mpi-default,8,float,2097152,max,0.0039966,0.524734,0.918285,237
mpi-default,8,float,2097152,stddev,0.000274917,7.62832,13.3496,237
ring,8,float,4194304,min,0.0014417,2.90928,5.09123,105
ring,8,float,4194304,mean,0.0023851,1.75854,3.07745,105
ring,8,float,4194304,median,0.0023403,1.79221,3.13636,105
ring,8,float,4194304,max,0.0078257,0.535965,0.937939,105
ring,8,float,4194304,stddev,0.000655848,6.39524,11.1917,105
mpi-default,8,float,4194304,min,0.0023061,1.81879,3.18288,77
mpi-default,8,float,4194304,mean,0.00327399,1.2811,2.24193,77
mpi-default,8,float,4194304,median,0.0032527,1.28948,2.2566,77
mpi-default,8,float,4194304,max,0.0057237,0.732796,1.28239,77
mpi-default,8,float,4194304,stddev,0.000508627,8.24632,14.4311,77
ring,8,float,8388608,min,0.0051302,1.63514,2.8615,38
ring,8,float,8388608,mean,0.00659911,1.27117,2.22455,38
ring,8,float,8388608,median,0.00645145,1.30027,2.27547,38
ring,8,float,8388608,max,0.0106752,0.785803,1.37516,38
ring,8,float,8388608,stddev,0.000941672,8.90821,15.5894,38
mpi-default,8,float,8388608,min,0.0069599,1.20528,2.10923,29
mpi-default,8,float,8388608,mean,0.00888028,0.944634,1.65311,29
mpi-default,8,float,8388608,median,0.0088401,0.948927,1.66062,29
mpi-default,8,float,8388608,max,0.0100155,0.837563,1.46573,29
mpi-default,8,float,8388608,stddev,0.000669892,12.5223,21.9141,29
ring,8,float,16777216,min,0.0125244,1.33956,2.34423,18
ring,8,float,16777216,mean,0.0141454,1.18605,2.07559,18
ring,8,float,16777216,median,0.0140126,1.19729,2.09526,18
ring,8,float,16777216,max,0.017139,0.978891,1.71306,18
ring,8,float,16777216,stddev,0.00118147,14.2003,24.8505,18
mpi-default,8,float,16777216,min,0.013139,1.2769,2.23458,16
mpi-default,8,float,16777216,mean,0.0162319,1.03359,1.80879,16
mpi-default,8,float,16777216,median,0.0160839,1.04311,1.82544,16
mpi-default,8,float,16777216,max,0.019327,0.868071,1.51912,16
mpi-default,8,float,16777216,stddev,0.00177054,9.47574,16.5826,16
ring,8,float,33554432,min,0.0229944,1.45924,2.55368,10
ring,8,float,33554432,mean,0.0252107,1.33096,2.32918,10
ring,8,float,33554432,median,0.0255174,1.31496,2.30118,10
ring,8,float,33554432,max,0.0267357,1.25504,2.19632,10
ring,8,float,33554432,stddev,0.00127944,26.2259,45.8954,10
mpi-default,8,float,33554432,min,0.0274347,1.22307,2.14036,9
mpi-default,8,float,33554432,mean,0.0304872,1.10061,1.92606,9
mpi-default,8,float,33554432,median,0.0308662,1.08709,1.90241,9
mpi-default,8,float,33554432,max,0.0324884,1.03281,1.80742,9
mpi-default,8,float,33554432,stddev,0.00162683,20.6257,36.0949,9
ring,8,float,67108864,min,0.0559784,1.19883,2.09796,5
ring,8,float,67108864,mean,0.0580694,1.15567,2.02242,5
ring,8,float,67108864,median,0.0576708,1.16365,2.03639,5
ring,8,float,67108864,max,0.0601678,1.11536,1.95188,5
ring,8,float,67108864,stddev,0.00199516,33.6358,58.8627,5
mpi-default,8,float,67108864,min,0.0763893,0.878511,1.53739,4
mpi-default,8,float,67108864,mean,0.078432,0.855631,1.49735,4
mpi-default,8,float,67108864,median,0.0775054,0.86586,1.51526,4
mpi-default,8,float,67108864,max,0.082328,0.81514,1.4265,4
mpi-default,8,float,67108864,stddev,0.00271793,24.6912,43.2095,4
ring,8,float,134217728,min,0.147999,0.906881,1.58704,3
ring,8,float,134217728,mean,0.152533,0.879923,1.53987,3
ring,8,float,134217728,median,0.154692,0.867645,1.51838,3
ring,8,float,134217728,max,0.154909,0.866428,1.51625,3
ring,8,float,134217728,stddev,0.00392823,34.1674,59.793,3
mpi-default,8,float,134217728,min,0.144817,0.92681,1.62192,3
mpi-default,8,float,134217728,mean,0.159854,0.839629,1.46935,3
mpi-default,8,float,134217728,median,0.15984,0.839698,1.46947,3
mpi-default,8,float,134217728,max,0.174904,0.767381,1.34292,3
mpi-default,8,float,134217728,stddev,0.0150434,8.92206,15.6136,3
ring,16,float,8,min,1.32998e-05,0.000601515,0.00112784,1000
ring,16,float,8,mean,1.71141e-05,0.00046745,0.000876469,1000
ring,16,float,8,median,1.55e-05,0.000516129,0.000967742,1000
ring,16,float,8,max,0.0001738,4.60299e-05,8.6306e-05,1000
ring,16,float,8,stddev,1.07866e-05,0.00074166,0.00139061,1000
mpi-default,16,float,8,min,1.79978e-06,0.00444499,0.00833435,1000
mpi-default,16,float,8,mean,2.26256e-06,0.00353581,0.00662965,1000
mpi-default,16,float,8,median,2.00002e-06,0.00399997,0.00749994,1000
mpi-default,16,float,8,max,1.88998e-05,0.000423285,0.000793659,1000
mpi-default,16,float,8,stddev,1.32016e-06,0.00605987,0.0113622,1000
ring,16,float,16,min,1.40998e-05,0.00113477,0.0021277,1000
ring,16,float,16,mean,1.70207e-05,0.000940031,0.00176256,1000
ring,16,float,16,median,1.48001e-05,0.00108107,0.00202701,1000
ring,16,float,16,max,0.000184,8.69565e-05,0.000163043,1000
ring,16,float,16,stddev,9.69543e-06,0.00165026,0.00309424,1000
mpi-default,16,float,16,min,1.79978e-06,0.00888997,0.0166687,1000
mpi-default,16,float,16,mean,2.41105e-06,0.00663611,0.0124427,1000
mpi-default,16,float,16,median,1.8999e-06,0.0084215,0.0157903,1000
mpi-default,16,float,16,max,0.00012,0.000133333,0.00025,1000
mpi-default,16,float,16,stddev,4.72578e-06,0.00338569,0.00634816,1000
ring,16,float,32,min,1.43e-05,0.00223776,0.00419581,1000
ring,16,float,32,mean,1.79577e-05,0.00178196,0.00334118,1000
ring,16,float,32,median,1.58004e-05,0.00202527,0.00379738,1000
ring,16,float,32,max,0.0001484,0.000215634,0.000404313,1000
ring,16,float,32,stddev,1.08589e-05,0.00294689,0.00552542,1000
mpi-default,16,float,32,min,1.8999e-06,0.016843,0.0315806,1000
mpi-default,16,float,32,mean,2.55834e-06,0.0125081,0.0234527,1000
mpi-default,16,float,32,median,2.19978e-06,0.0145469,0.0272754,1000
mpi-default,16,float,32,max,4.62001e-05,0.000692639,0.0012987,1000
mpi-default,16,float,32,stddev,1.90941e-06,0.0167591,0.0314234,1000
ring,16,float,64,min,1.42003e-05,0.00450693,0.0084505,1000
ring,16,float,64,mean,1.75911e-05,0.0036382,0.00682162,1000
ring,16,float,64,median,1.55997e-05,0.00410266,0.00769248,1000
ring,16,float,64,max,0.0001529,0.000418575,0.000784827,1000
ring,16,float,64,stddev,1.06555e-05,0.0060063,0.0112618,1000
mpi-default,16,float,64,min,2.00002e-06,0.0319998,0.0599995,1000
mpi-default,16,float,64,mean,2.99546e-06,0.0213657,0.0400606,1000
mpi-default,16,float,64,median,2.20025e-06,0.0290876,0.0545393,1000
mpi-default,16,float,64,max,0.000193,0.000331606,0.000621761,1000
mpi-default,16,float,64,stddev,6.66528e-06,0.009602,0.0180037,1000
ring,16,float,128,min,1.47e-05,0.00870749,0.0163265,1000
ring,16,float,128,mean,2.09791e-05,0.0061013,0.0114399,1000
ring,16,float,128,median,1.77003e-05,0.00723154,0.0135591,1000
ring,16,float,128,max,0.0001864,0.000686695,0.00128755,1000
ring,16,float,128,stddev,1.29011e-05,0.00992162,0.018603,1000
mpi-default,16,float,128,min,2.10013e-06,0.0609485,0.114279,1000
mpi-default,16,float,128,mean,3.07455e-06,0.0416321,0.0780602,1000
mpi-default,16,float,128,median,2.40002e-06,0.0533329,0.0999992,1000
mpi-default,16,float,128,max,0.0001271,0.00100708,0.00188828,1000
mpi-default,16,float,128,stddev,6.27167e-06,0.0204092,0.0382673,1000
ring,16,float,256,min,1.44998e-05,0.0176555,0.033104,1000
ring,16,float,256,mean,1.859e-05,0.0137708,0.0258203,1000
ring,16,float,256,median,1.53999e-05,0.0166235,0.0311691,1000
ring,16,float,256,max,0.0001928,0.0013278,0.00248963,1000
ring,16,float,256,stddev,1.42843e-05,0.0179217,0.0336032,1000
mpi-default,16,float,256,min,2.2999e-06,0.111309,0.208705,1000
mpi-default,16,float,256,mean,3.12163e-06,0.0820086,0.153766,1000
mpi-default,16,float,256,median,2.59979e-06,0.0984696,0.184631,1000
mpi-default,16,float,256,max,0.000115,0.00222608,0.00417391,1000
mpi-default,16,float,256,stddev,4.00253e-06,0.0639596,0.119924,1000
ring,16,float,512,min,1.51e-05,0.0339073,0.0635762,1000
ring,16,float,512,mean,1.85059e-05,0.0276668,0.0518753,1000
ring,16,float,512,median,1.64998e-05,0.0310307,0.0581826,1000
ring,16,float,512,max,0.0003126,0.00163787,0.00307101,1000
ring,16,float,512,stddev,1.2857e-05,0.0398225,0.0746672,1000
mpi-default,16,float,512,min,2.59979e-06,0.196939,0.369261,1000
mpi-default,16,float,512,mean,3.20924e-06,0.159539,0.299136,1000
mpi-default,16,float,512,median,2.90014e-06,0.176543,0.331019,1000
mpi-default,16,float,512,max,6.99e-05,0.00732475,0.0137339,1000
mpi-default,16,float,512,stddev,2.42085e-06,0.211496,0.396554,1000
ring,16,float,1024,min,1.60998e-05,0.0636034,0.119256,1000
ring,16,float,1024,mean,1.99356e-05,0.0513654,0.0963101,1000
ring,16,float,1024,median,1.79e-05,0.0572066,0.107262,1000
ring,16,float,1024,max,0.0007184,0.00142539,0.0026726,1000
ring,16,float,1024,stddev,2.33176e-05,0.0439152,0.0823411,1000
mpi-default,16,float,1024,min,2.99979e-06,0.341357,0.640045,1000
mpi-default,16,float,1024,mean,3.87993e-06,0.263922,0.494855,1000
mpi-default,16,float,1024,median,3.30014e-06,0.31029,0.581793,1000
mpi-default,16,float,1024,max,0.000121,0.00846279,0.0158677,1000
mpi-default,16,float,1024,stddev,5.76999e-06,0.17747,0.332756,1000
ring,16,float,2048,min,1.59997e-05,0.128003,0.240005,1000
ring,16,float,2048,mean,1.96255e-05,0.104354,0.195664,1000
ring,16,float,2048,median,1.72001e-05,0.119069,0.223254,1000
ring,16,float,2048,max,0.0001767,0.0115903,0.0217318,1000
ring,16,float,2048,stddev,1.25185e-05,0.163597,0.306745,1000
mpi-default,16,float,2048,min,3.70014e-06,0.553492,1.0378,1000
mpi-default,16,float,2048,mean,4.64203e-06,0.441186,0.827224,1000
mpi-default,16,float,2048,median,4.00003e-06,0.511996,0.959993,1000
mpi-default,16,float,2048,max,0.0001011,0.0202571,0.0379821,1000
mpi-default,16,float,2048,stddev,3.9696e-06,0.515921,0.967352,1000
ring,16,float,4096,min,1.68001e-05,0.243808,0.457139,1000
ring,16,float,4096,mean,2.08969e-05,0.19601,0.367518,1000
ring,16,float,4096,median,1.94004e-05,0.21113,0.395869,1000
ring,16,float,4096,max,9.08999e-05,0.0450606,0.0844886,1000
ring,16,float,4096,stddev,6.79055e-06,0.603191,1.13098,1000
mpi-default,16,float,4096,min,2.43997e-05,0.167871,0.314758,1000
mpi-default,16,float,4096,mean,3.14139e-05,0.130388,0.244478,1000
mpi-default,16,float,4096,median,2.87998e-05,0.142223,0.266669,1000
mpi-default,16,float,4096,max,0.0003149,0.0130073,0.0243887,1000
mpi-default,16,float,4096,stddev,1.67625e-05,0.244354,0.458164,1000
ring,16,float,8192,min,1.77999e-05,0.460227,0.862926,1000
ring,16,float,8192,mean,2.17106e-05,0.377327,0.707488,1000
ring,16,float,8192,median,1.92001e-05,0.426663,0.799994,1000
ring,16,float,8192,max,0.0007206,0.0113683,0.0213156,1000
ring,16,float,8192,stddev,2.44232e-05,0.335419,0.628911,1000
mpi-default,16,float,8192,min,2.28002e-05,0.359296,0.673679,1000
mpi-default,16,float,8192,mean,3.78362e-05,0.216512,0.40596,1000
mpi-default,16,float,8192,median,3.43998e-05,0.238141,0.446514,1000
mpi-default,16,float,8192,max,0.0002106,0.0388984,0.0729345,1000
mpi-default,16,float,8192,stddev,1.6737e-05,0.489454,0.917726,1000
ring,16,float,16384,min,1.99e-05,0.823315,1.54372,1000
ring,16,float,16384,mean,2.37818e-05,0.68893,1.29174,1000
ring,16,float,16384,median,2.15997e-05,0.758529,1.42224,1000
ring,16,float,16384,max,0.0001757,0.0932498,0.174843,1000
ring,16,float,16384,stddev,1.1325e-05,1.44671,2.71257,1000
mpi-default,16,float,16384,min,3.64999e-05,0.448878,0.841645,1000
mpi-default,16,float,16384,mean,4.65973e-05,0.351608,0.659266,1000
mpi-default,16,float,16384,median,4.48003e-05,0.365712,0.685709,1000
mpi-default,16,float,16384,max,0.000175,0.0936228,0.175543,1000
mpi-default,16,float,16384,stddev,1.30734e-05,1.25323,2.34981,1000
ring,16,float,32768,min,2.59997e-05,1.26032,2.3631,1000
ring,16,float,32768,mean,3.30704e-05,0.990856,1.85785,1000
ring,16,float,32768,median,2.88999e-05,1.13385,2.12596,1000
ring,16,float,32768,max,0.0002439,0.13435,0.251906,1000
ring,16,float,32768,stddev,1.7376e-05,1.88582,3.53592,1000
mpi-default,16,float,32768,min,4.87003e-05,0.672851,1.2616,1000
mpi-default,16,float,32768,mean,6.89108e-05,0.475513,0.891587,1000
mpi-default,16,float,32768,median,6.47502e-05,0.506068,0.948877,1000
mpi-default,16,float,32768,max,0.0003526,0.0929326,0.174249,1000
mpi-default,16,float,32768,stddev,2.40894e-05,1.36027,2.5505,1000
ring,16,float,65536,min,0.0001577,0.415574,0.779201,1000
ring,16,float,65536,mean,0.000210348,0.31156,0.584176,1000
ring,16,float,65536,median,0.0001846,0.355016,0.665655,1000
ring,16,float,65536,max,0.0042985,0.0152462,0.0285867,1000
ring,16,float,65536,stddev,0.000184539,0.355133,0.665875,1000
mpi-default,16,float,65536,min,0.0001015,0.645677,1.21064,1000
mpi-default,16,float,65536,mean,0.000174754,0.375018,0.703159,1000
mpi-default,16,float,65536,median,0.00016785,0.390444,0.732082,1000
mpi-default,16,float,65536,max,0.0017878,0.0366573,0.0687325,1000
mpi-default,16,float,65536,stddev,6.53237e-05,1.00325,1.88109,1000
ring,16,float,131072,min,0.0001784,0.734709,1.37758,1000
ring,16,float,131072,mean,0.000226929,0.57759,1.08298,1000
ring,16,float,131072,median,0.00021095,0.621342,1.16502,1000
ring,16,float,131072,max,0.0031067,0.0421901,0.0791065,1000
ring,16,float,131072,stddev,0.000100594,1.30297,2.44308,1000
mpi-default,16,float,131072,min,0.0001619,0.809585,1.51797,1000
mpi-default,16,float,131072,mean,0.000243551,0.538171,1.00907,1000
mpi-default,16,float,131072,median,0.00022905,0.572241,1.07295,1000
mpi-default,16,float,131072,max,0.0077235,0.0169705,0.0318198,1000
mpi-default,16,float,131072,stddev,0.000262776,0.498797,0.935244,1000
ring,16,float,262144,min,0.0002164,1.21139,2.27135,919
ring,16,float,262144,mean,0.000272077,0.963491,1.80655,919
ring,16,float,262144,median,0.0002565,1.022,1.91626,919
ring,16,float,262144,max,0.0032882,0.0797226,0.14948,919
ring,16,float,262144,stddev,0.000110616,2.36986,4.44348,919
mpi-default,16,float,262144,min,0.0002934,0.893471,1.67526,610
mpi-default,16,float,262144,mean,0.000410362,0.638812,1.19777,610
mpi-default,16,float,262144,median,0.0004006,0.654379,1.22696,610
mpi-default,16,float,262144,max,0.0059166,0.0443065,0.0830747,610
mpi-default,16,float,262144,stddev,0.000229398,1.14275,2.14265,610
ring,16,float,524288,min,0.0002944,1.78087,3.33913,601
ring,16,float,524288,mean,0.000416272,1.25948,2.36153,601
ring,16,float,524288,median,0.0003974,1.3193,2.47368,601
ring,16,float,524288,max,0.0053565,0.0978788,0.183523,601
ring,16,float,524288,stddev,0.000261246,2.00687,3.76288,601
mpi-default,16,float,524288,min,0.000213,2.46145,4.61521,717
mpi-default,16,float,524288,mean,0.00034894,1.50252,2.81722,717
mpi-default,16,float,524288,median,0.0003328,1.57539,2.95385,717
mpi-default,16,float,524288,max,0.0031605,0.165888,0.311039,717
mpi-default,16,float,524288,stddev,0.000155512,3.37136,6.32129,717
ring,16,float,1048576,min,0.000439,2.38855,4.47854,331
ring,16,float,1048576,mean,0.000755889,1.38721,2.60102,331
ring,16,float,1048576,median,0.000718,1.46041,2.73827,331
ring,16,float,1048576,max,0.0060297,0.173902,0.326066,331
ring,16,float,1048576,stddev,0.00039777,2.63614,4.94276,331
mpi-default,16,float,1048576,min,0.0006222,1.68527,3.15989,298
mpi-default,16,float,1048576,mean,0.000839122,1.24961,2.34302,298
mpi-default,16,float,1048576,median,0.00080765,1.29831,2.43432,298
mpi-default,16,float,1048576,max,0.006424,0.163228,0.306052,298
mpi-default,16,float,1048576,stddev,0.000342643,3.06026,5.73798,298
ring,16,float,2097152,min,0.0010468,2.00339,3.75636,168
ring,16,float,2097152,mean,0.00149216,1.40544,2.6352,168
ring,16,float,2097152,median,0.0014566,1.43976,2.69955,168
ring,16,float,2097152,max,0.0064633,0.324471,0.608383,168
ring,16,float,2097152,stddev,0.000434225,4.82964,9.05558,168
mpi-default,16,float,2097152,min,0.0016606,1.26289,2.36792,119
mpi-default,16,float,2097152,mean,0.00211498,0.99157,1.85919,119
mpi-default,16,float,2097152,median,0.0020621,1.017,1.90687,119
mpi-default,16,float,2097152,max,0.0058689,0.357333,0.669999,119
mpi-default,16,float,2097152,stddev,0.000414977,5.05366,9.47562,119
ring,16,float,4194304,min,0.0036518,1.14856,2.15355,61
ring,16,float,4194304,mean,0.00410051,1.02287,1.91789,61
ring,16,float,4194304,median,0.004,1.04858,1.96608,61
ring,16,float,4194304,max,0.0081162,0.516782,0.968966,61
ring,16,float,4194304,stddev,0.000582402,7.20174,13.5033,61
mpi-default,16,float,4194304,min,0.0050813,0.825439,1.5477,42
mpi-default,16,float,4194304,mean,0.00596798,0.702801,1.31775,42
mpi-default,16,float,4194304,median,0.00589325,0.711713,1.33446,42
mpi-default,16,float,4194304,max,0.0080609,0.520327,0.975613,42
mpi-default,16,float,4194304,stddev,0.00055672,7.53395,14.1262,42
ring,16,float,8388608,min,0.0084794,0.989293,1.85492,27
ring,16,float,8388608,mean,0.00940997,0.89146,1.67149,27
ring,16,float,8388608,median,0.0093095,0.90108,1.68953,27
ring,16,float,8388608,max,0.0108061,0.776285,1.45553,27
ring,16,float,8388608,stddev,0.000533939,15.7108,29.4578,27
mpi-default,16,float,8388608,min,0.0137199,0.611419,1.14641,17
mpi-default,16,float,8388608,mean,0.0147627,0.56823,1.06543,17
mpi-default,16,float,8388608,median,0.014717,0.569994,1.06874,17
mpi-default,16,float,8388608,max,0.0173288,0.484085,0.907659,17
mpi-default,16,float,8388608,stddev,0.000833824,10.0604,18.8633,17
ring,16,float,16777216,min,0.0195297,0.859062,1.61074,12
ring,16,float,16777216,mean,0.0208556,0.804447,1.50834,12
ring,16,float,16777216,median,0.020603,0.814307,1.52683,12
ring,16,float,16777216,max,0.0224253,0.748138,1.40276,12
ring,16,float,16777216,stddev,0.000925364,18.1304,33.9945,12
mpi-default,16,float,16777216,min,0.0299911,0.559406,1.04889,8
mpi-default,16,float,16777216,mean,0.0315068,0.532495,0.998429,8
mpi-default,16,float,16777216,median,0.0317073,0.529128,0.992115,8
mpi-default,16,float,16777216,max,0.0324383,0.517204,0.969757,8
mpi-default,16,float,16777216,stddev,0.000971799,17.2641,32.3701,8
ring,16,float,33554432,min,0.0501848,0.668617,1.25366,5
ring,16,float,33554432,mean,0.0519138,0.646349,1.21191,5
ring,16,float,33554432,median,0.0513547,0.653386,1.2251,5
ring,16,float,33554432,max,0.0536486,0.625448,1.17272,5
ring,16,float,33554432,stddev,0.0015411,21.7731,40.8245,5
mpi-default,16,float,33554432,min,0.0626407,0.535665,1.00437,4
mpi-default,16,float,33554432,mean,0.0646906,0.518691,0.972546,4
mpi-default,16,float,33554432,median,0.0645884,0.519512,0.974085,4
mpi-default,16,float,33554432,max,0.0669449,0.501225,0.939796,4
mpi-default,16,float,33554432,stddev,0.00178033,18.8473,35.3387,4
ring,16,float,67108864,min,0.108976,0.615811,1.15465,3
ring,16,float,67108864,mean,0.112376,0.597181,1.11972,3
ring,16,float,67108864,median,0.113153,0.593082,1.11203,3
ring,16,float,67108864,max,0.114999,0.583561,1.09418,3
ring,16,float,67108864,stddev,0.00308546,21.75,40.7813,3
mpi-default,16,float,67108864,min,0.122777,0.546591,1.02486,3
mpi-default,16,float,67108864,mean,0.125504,0.534716,1.00259,3
mpi-default,16,float,67108864,median,0.126672,0.529782,0.993342,3
mpi-default,16,float,67108864,max,0.127062,0.528158,0.990297,3
mpi-default,16,float,67108864,stddev,0.00236952,28.3217,53.1031,3
ring,16,float,134217728,min,0.229703,0.58431,1.09558,3
ring,16,float,134217728,mean,0.234169,0.573167,1.07469,3
ring,16,float,134217728,median,0.235181,0.570699,1.07006,3
ring,16,float,134217728,max,0.237622,0.564837,1.05907,3
ring,16,float,134217728,stddev,0.00405546,33.0956,62.0542,3
mpi-default,16,float,134217728,min,0.258602,0.519012,0.973148,3
mpi-default,16,float,134217728,mean,0.263488,0.509389,0.955104,3
mpi-default,16,float,134217728,median,0.263497,0.509372,0.955072,3
mpi-default,16,float,134217728,max,0.268364,0.500133,0.937749,3
mpi-default,16,float,134217728,stddev,0.00488101,27.498,51.5587,3
